{
  "metadata": {
    "n": 5,
    "grid_size": 1000,
    "precision": 1000,
    "seed": 42
  },
  "nodes": [
    [
      374.54011884736246,
      950.7143064099162
    ],
    [
      731.9939418114051,
      598.6584841970366
    ],
    [
      156.01864044243652,
      155.99452033620264
    ],
    [
      58.08361216819946,
      866.1761457749352
    ],
    [
      601.1150117432088,
      708.0725777960455
    ]
  ],
  "matrix": [
    [
      0,
      501713,
      824215,
      327553,
      331980
    ],
    [
      501713,
      0,
      726428,
      725066,
      170589
    ],
    [
      824215,
      726428,
      0,
      716902,
      709155
    ],
    [
      327553,
      725066,
      716902,
      0,
      565579
    ],
    [
      331980,
      170589,
      709155,
      565579,
      0
    ]
  ]
}